TEST_BATTERY_ID,TEST_BATTERY_QUERY_FEATURE,TEST_BATTERY_QUERY_VALUE,1_Most_Similar_Battery_ID,1_Most_Similar_Battery_ID_SCORE,2_Most_Similar_Battery_ID,2_Most_Similar_Battery_ID_SCORE,3_Most_Similar_Battery_ID,3_Most_Similar_Battery_ID_SCORE,4_Most_Similar_Battery_ID,4_Most_Similar_Battery_ID_SCORE,5_Most_Similar_Battery_ID,5_Most_Similar_Battery_ID_SCORE,6_Most_Similar_Battery_ID,6_Most_Similar_Battery_ID_SCORE,7_Most_Similar_Battery_ID,7_Most_Similar_Battery_ID_SCORE,8_Most_Similar_Battery_ID,8_Most_Similar_Battery_ID_SCORE,9_Most_Similar_Battery_ID,9_Most_Similar_Battery_ID_SCORE,10_Most_Similar_Battery_ID,10_Most_Similar_Battery_ID_SCORE
b3c7,slope_first_10_cycles,0.0003815650939941,b2c19,1.3458728790283214e-05,b2c3,9.03606414794922e-05,b2c0,0.0001484394073486,b2c18,0.0002137064933776,b2c4,0.0002232432365417,b2c29,0.0002483129501342,b2c12,0.0002548456192016,b2c23,0.0002745389938354,b2c13,0.0003180861473083,b2c2,0.0003188848495483
b3c7,slope_last_10_cycles,-0.0002301752567291,b1c1,3.510713577270513e-06,b1c3,3.6966800689697255e-05,b1c4,4.168748855590824e-05,b1c0,0.0001882970333099,b1c2,0.0002870500087738,b1c41,0.000364339351654,b1c28,0.0003919243812561,b1c24,0.0004050552845001,b1c14,0.0004060685634613,b1c29,0.0004071116447448
b3c7,mean_grad_first_10_cycles,0.0004366040229797,b2c19,6.447434425354008e-05,b2c3,0.0001852333545684,b2c0,0.0002005457878112,b2c1,0.0003137409687042,b2c18,0.0003180682659149,b2c29,0.0003386437892913,b2c4,0.0003534853458404,b2c12,0.0003812193870544,b2c23,0.0003814935684204,b2c2,0.0004136145114898
b3c7,mean_grad_last_10_cycles,-0.0002249628305435,b1c1,1.3899803161621085e-05,b1c3,5.682110786437989e-05,b1c4,7.148087024688721e-05,b1c0,0.0002883583307266,b1c2,0.0003455638885498,b1c41,0.0003840178251266,b1c28,0.0004235029220581,b1c24,0.0004356741905212,b1c29,0.0004497081041336,b1c14,0.000458613038063
b3c7,slope_first_50_cycles,7.908105850219727e-05,b2c13,5.531311035156234e-07,b2c4,6.957054138183595e-06,b2c18,1.0874271392822267e-05,b2c23,1.761674880981445e-05,b2c12,2.900362014770508e-05,b2c6,5.79833984375e-05,b2c11,6.391525268554687e-05,b2c25,6.710052490234375e-05,b2c10,6.766080856323243e-05,b2c2,8.63790512084961e-05
b3c7,slope_last_50_cycles,-0.0004295814037322,b1c3,4.150867462158168e-06,b1c2,7.951259613037088e-06,b1c4,2.7805566787719727e-05,b1c1,6.523251533508301e-05,b1c0,8.362174034118655e-05,b1c41,0.0003452551364898,b1c28,0.0003526866436004,b1c29,0.0003651201725006,b1c14,0.0003815782070159,b1c24,0.0003951656818389
b3c7,mean_grad_first_50_cycles,8.919954299926758e-05,b2c12,3.651380538940429e-06,b2c4,1.8013715744018556e-05,b2c13,3.0771493911743164e-05,b2c18,3.140449523925782e-05,b2c6,3.3632516860961914e-05,b2c23,3.898143768310547e-05,b2c3,7.36689567565918e-05,b2c25,8.88240337371826e-05,b2c11,9.10484790802002e-05,b2c10,9.63425636291504e-05
b3c7,mean_grad_last_50_cycles,-0.0004380881786346,b1c3,2.4801492691040386e-06,b1c2,2.999901771545406e-06,b1c4,3.0537247657775875e-05,b1c1,7.402598857879638e-05,b1c0,8.356213569641111e-05,b1c41,0.0003473258018493,b1c28,0.0003526204824447,b1c29,0.0003603833913803,b1c14,0.0003803098201751,b1c24,0.0003911131620407
b3c7,slope_first_100_cycles,2.004861831665039e-05,b2c10,5.972385406494164e-07,b2c11,4.703998565673826e-06,b2c25,1.575946807861328e-05,b2c26,1.920938491821289e-05,b2c23,1.9760131835937506e-05,b2c21,2.74813175201416e-05,b2c2,3.134489059448242e-05,b2c18,4.213213920593262e-05,b2c40,4.282236099243164e-05,b2c5,4.540205001831054e-05
b3c7,slope_last_100_cycles,-0.0004307425022125,b1c3,6.414055824279766e-06,b1c2,7.028579711914067e-06,b1c4,3.12596559524536e-05,b1c1,6.81382417678833e-05,b1c0,9.581148624420164e-05,b1c24,0.0002922868728637,b1c41,0.0003038889169692,b1c28,0.0003297162055969,b1c29,0.0003400176763534,b1c20,0.0003436654806137
b3c7,mean_grad_first_100_cycles,1.844942569732666e-05,b2c23,1.149773597717283e-06,b2c10,2.101540565490723e-05,b2c11,2.302587032318116e-05,b2c18,2.626359462738037e-05,b2c25,3.326475620269776e-05,b2c26,3.773689270019531e-05,b2c4,4.285275936126709e-05,b2c13,4.324972629547119e-05,b2c2,4.554808139801026e-05,b2c21,5.274832248687744e-05
b3c7,mean_grad_last_100_cycles,-0.0004310837388038,b1c3,3.286302089691175e-06,b1c2,4.6813488006591775e-06,b1c4,2.845793962478641e-05,b1c0,4.994988441467288e-05,b1c1,6.614744663238528e-05,b1c24,0.0002927359938621,b1c41,0.0003072854876518,b1c28,0.0003329113125801,b1c29,0.0003426221013069,b1c20,0.0003460246324539
b3c7,slope_first_200_cycles,2.620220184326172e-06,b2c43,1.1682510375976563e-06,b2c38,2.11179256439209e-06,b2c28,3.567337989807129e-06,b2c31,5.284547805786133e-06,b1c18,5.890130996704101e-06,b2c42,5.955696105957031e-06,b2c41,6.045103073120117e-06,b2c32,8.834600448608398e-06,b2c24,1.2387633323669434e-05,b2c44,1.3709068298339842e-05
b3c7,slope_last_200_cycles,-0.0003900536894798,b1c4,9.111166000366246e-06,b1c3,4.260480403900146e-05,b1c2,5.096971988677979e-05,b1c1,7.365316152572636e-05,b1c0,9.640365839004518e-05,b1c20,0.0001866599917411,b1c24,0.0002300164103507,b1c41,0.0002478754520416,b1c40,0.0002577343583106,b1c9,0.0002664765715599
b3c7,mean_grad_first_200_cycles,2.112984657287598e-06,b2c41,2.5144219398498537e-06,b2c24,3.0425190925598146e-06,b2c42,3.0586123466491698e-06,b2c30,7.12275505065918e-06,b2c20,7.697045803070068e-06,b2c45,8.44419002532959e-06,b2c14,1.0077059268951416e-05,b2c5,1.0926127433776856e-05,b2c28,1.1889934539794925e-05,b2c38,1.2026727199554442e-05
b3c7,mean_grad_last_200_cycles,-0.0003899103403091,b1c4,7.705688476562485e-06,b1c3,4.62593138217926e-05,b1c2,5.030140280723569e-05,b1c1,7.302477955818172e-05,b1c0,9.126707911491393e-05,b1c20,0.0001899075508117,b1c24,0.0002311843633651,b1c41,0.0002487829327583,b1c40,0.0002632015943527,b1c9,0.0002687457203865
b3c7,slope_first_300_cycles,-2.7652581532796222e-06,b1c11,8.0414613087972e-06,b2c33,1.78984800974528e-05,b2c34,2.084016799926758e-05,b2c32,2.191901206970215e-05,b1c43,2.2486050923665364e-05,b2c36,2.3595094680786134e-05,b2c29,2.5755564371744796e-05,b2c37,2.5885899861653647e-05,b1c18,3.065943717956543e-05,b1c15,3.149867057800293e-05
b3c7,slope_last_300_cycles,-0.0003500932455062,b1c4,1.1388262112935394e-05,b1c2,5.854864915211998e-05,b1c1,6.246407826741537e-05,b1c3,7.538775602976478e-05,b1c0,8.893668651580814e-05,b1c20,0.000132151444753,b1c18,0.0001456610361735,b1c24,0.0001572046677271,b1c41,0.0001613696416219,b1c5,0.0001615726947784
b3c7,mean_grad_first_300_cycles,-1.0500351587931315e-06,b1c18,5.844831466674805e-06,b1c11,1.2588898340861003e-05,b2c33,1.4185905456542969e-05,b2c34,1.602788766225179e-05,b2c36,1.838525136311849e-05,b2c32,1.9033153851826985e-05,b2c37,2.1964708964029948e-05,b2c29,2.3359656333923335e-05,b2c39,3.209511439005534e-05,b2c28,3.6588311195373537e-05
b3c7,mean_grad_last_300_cycles,-0.0003505263725916,b1c4,1.1508564154307063e-05,b1c2,5.729834238688149e-05,b1c1,6.327380736668905e-05,b1c3,7.469395796457927e-05,b1c0,8.523911237716674e-05,b1c20,0.0001321880022684,b1c18,0.0001442948977152,b1c24,0.0001568367083867,b1c41,0.0001608361800511,b1c5,0.0001615945498148
b3c7,slope_first_400_cycles,-9.134113788604737e-06,b1c43,1.7493963241577165e-07,b1c11,1.5792250633239749e-06,b1c38,7.514953613281251e-06,b1c44,1.322627067565918e-05,b1c15,1.39501690864563e-05,b1c32,3.20938229560852e-05,b1c36,3.6276280879974366e-05,b1c30,3.677010536193848e-05,b1c42,4.0546655654907226e-05,b1c34,4.3760538101196286e-05
b3c7,slope_last_400_cycles,-0.0003128772974014,b1c4,7.4735283851623665e-06,b1c1,4.791095852851868e-05,b1c3,6.156355142593382e-05,b1c5,9.806379675865174e-05,b1c11,0.0001024508476257,b1c24,0.0001038154959678,b1c15,0.0001229420304298,b1c40,0.000130577981472,b1c17,0.0001329600811004,b1c28,0.0001336468756198
b3c7,mean_grad_first_400_cycles,-7.766485214233399e-06,b1c11,1.051127910614014e-06,b1c44,1.149892807006836e-05,b1c45,1.2916475534439088e-05,b1c43,2.10745632648468e-05,b1c18,2.390071749687195e-05,b1c15,2.6379674673080444e-05,b1c39,3.078311681747436e-05,b1c38,3.440633416175843e-05,b1c6,3.815889358520508e-05,b1c19,4.3828785419464114e-05
b3c7,mean_grad_last_400_cycles,-0.0003130841255187,b1c4,7.499903440475429e-06,b1c1,4.719287157058718e-05,b1c3,6.184473633766171e-05,b1c5,9.820803999900814e-05,b1c11,0.0001030597090721,b1c24,0.000103590041399,b1c15,0.0001228913664817,b1c40,0.0001325021684169,b1c17,0.0001325944066047,b1c28,0.0001330980658531
b3c7,slope_first_500_cycles,-1.4918804168701171e-05,b1c36,1.1005401611328124e-06,b1c32,4.023313522338867e-06,b1c15,6.098508834838869e-06,b1c42,7.133722305297853e-06,b1c30,1.0956525802612304e-05,b1c34,1.2711286544799804e-05,b1c11,1.3321638107299805e-05,b1c19,1.9530534744262696e-05,b1c28,2.1380186080932617e-05,b1c24,2.8825044631958007e-05
b3c7,slope_last_500_cycles,-0.0002762656211853,b1c1,3.208315372467039e-05,b1c3,5.1815271377563465e-05,b1c11,6.598496437072753e-05,b1c5,7.175123691558838e-05,b1c24,7.445025444030763e-05,b1c15,8.488559722900392e-05,b1c17,9.361553192138672e-05,b1c28,9.687626361846926e-05,b1c40,9.963822364807128e-05,b1c34,0.0001055862903594
b3c7,mean_grad_first_500_cycles,-1.3999581336975096e-05,b1c15,4.06491756439209e-06,b1c11,1.0508894920349125e-05,b1c19,1.8349289894104005e-05,b1c42,2.3290395736694332e-05,b1c36,2.5212883949279782e-05,b1c32,3.0611991882324216e-05,b1c38,3.182792663574218e-05,b1c34,3.626251220703125e-05,b1c30,3.898394107818604e-05,b1c40,4.500985145568848e-05
b3c7,mean_grad_last_500_cycles,-0.0002763822078704,b1c1,3.212141990661623e-05,b1c3,5.196881294250487e-05,b1c11,6.593072414398193e-05,b1c5,7.170259952545168e-05,b1c24,7.46108293533325e-05,b1c15,8.478045463562012e-05,b1c17,9.35999155044556e-05,b1c28,9.6875786781311e-05,b1c40,0.0001008756160736,b1c34,0.0001055469512939
b3c7,slope_first_600_cycles,-1.9686023394266763e-05,b1c28,2.269347508748372e-06,b1c25,3.887414932250978e-06,b1c17,8.28742980957031e-06,b1c24,1.843909422556559e-05,b1c26,1.886924107869466e-05,b1c5,2.279659112294515e-05,b1c7,2.3055672645568844e-05,b1c19,2.342522144317627e-05,b1c40,2.432107925415039e-05,b1c34,2.5742451349894205e-05
b3c7,slope_last_600_cycles,-0.0002424029509226,b1c4,1.5043020248413064e-05,b1c1,1.6305148601532e-05,b1c3,4.390418529510496e-05,b1c11,5.116363366444902e-05,b1c24,6.239732106526691e-05,b1c5,6.269445021947226e-05,b1c15,6.443301836649577e-05,b1c17,7.119953632354738e-05,b1c28,7.836709419886269e-05,b1c40,8.25810432434082e-05
b3c7,mean_grad_first_600_cycles,-1.990586519241333e-05,b1c34,3.4285585085550966e-06,b1c25,1.741508642832438e-05,b1c26,1.986632744471232e-05,b1c19,2.391606569290161e-05,b1c7,2.397199471791585e-05,b1c40,2.420614163080851e-05,b1c28,2.608189980189005e-05,b1c17,2.6843249797821043e-05,b1c30,3.4332970778147386e-05,b1c32,3.506143887837728e-05
b3c7,mean_grad_last_600_cycles,-0.0002424614628156,b1c4,1.5165110429128035e-05,b1c1,1.6566018263498953e-05,b1c3,4.392931858698528e-05,b1c11,5.11692961057027e-05,b1c24,6.237337986628213e-05,b1c5,6.267865498860677e-05,b1c15,6.442328294118248e-05,b1c17,7.11405277252197e-05,b1c28,7.854272921880084e-05,b1c38,8.310476938883465e-05
b3c7,slope_first_700_cycles,-2.0806619099208287e-05,b1c24,9.281294686453672e-07,b1c40,5.961315972464426e-06,b1c23,8.266142436436245e-06,b1c5,1.0158334459577287e-05,b1c7,2.5720085416521344e-05,b1c26,3.1604255948747905e-05,b1c17,3.275513648986816e-05,b1c3,3.5271133695329935e-05,b1c1,3.679513931274414e-05,b1c28,5.1347698484148296e-05
b3c7,slope_last_700_cycles,-0.0002155375480651,b1c1,1.1876906667436868e-05,b1c3,4.071457045418879e-05,b1c11,4.096473966326032e-05,b1c15,4.768865449087962e-05,b1c24,5.34040587288993e-05,b1c5,5.409419536590577e-05,b1c17,5.892293793814522e-05,b1c28,6.568661757877894e-05,b1c40,6.765723228454592e-05,b1c36,6.798590932573592e-05
b3c7,mean_grad_first_700_cycles,-2.0081911768232075e-05,b1c29,2.441065652029856e-06,b1c40,6.904687200273784e-06,b1c24,1.710542610713414e-05,b1c17,1.802785055977957e-05,b1c7,2.577151571001325e-05,b1c5,2.8108869280133928e-05,b1c28,3.279336861201695e-05,b1c26,3.614791801997593e-05,b1c1,5.416691303253174e-05,b1c3,5.578041076660157e-05
b3c7,mean_grad_last_700_cycles,-0.0002156040498188,b1c1,1.1365413665771502e-05,b1c3,4.078430788857594e-05,b1c11,4.093519278935021e-05,b1c15,4.751392773219516e-05,b1c24,5.358082907540459e-05,b1c5,5.39896317890712e-05,b1c17,5.88935613632202e-05,b1c28,6.561543260301861e-05,b1c36,6.779875074114117e-05,b1c34,6.798148155212402e-05
b3c7,slope_first_800_cycles,-2.363204956054688e-05,b1c9,5.826354026794454e-07,b1c5,1.3181567192077642e-06,b1c3,2.988368272781372e-05,b1c1,3.210008144378662e-05,b1c7,0.0001040335744619,b1c11,,b1c15,,b1c17,0.0001211458444595,b1c19,,b1c21,
b3c7,slope_last_800_cycles,-0.0001955069601535,b1c1,1.137472689151763e-05,b1c3,3.3241212368011484e-05,b1c5,4.517175257205962e-05,b1c7,7.498480379581452e-05,b1c11,,b1c15,,b1c17,4.767179489135743e-05,b1c19,,b1c21,,b1c24,4.616886377334595e-05
b3c7,mean_grad_first_800_cycles,-2.306036651134491e-05,b1c9,1.627206802368141e-07,b1c5,1.435413956642151e-05,b1c1,4.734396934509277e-05,b1c3,4.782594740390778e-05,b1c7,0.0001052994281053,b1c11,,b1c15,,b1c17,0.0001086612790822,b1c19,,b1c21,
b3c7,mean_grad_last_800_cycles,-0.000195552483201,b1c1,1.145407557487488e-05,b1c3,3.324702382087708e-05,b1c5,4.518680274486541e-05,b1c7,7.579796016216278e-05,b1c11,,b1c15,,b1c17,4.7661811113357527e-05,b1c19,,b1c21,,b1c24,4.6202465891838064e-05
b3c7,slope_first_900_cycles,-2.59044435289171e-05,b1c5,2.0567841000027127e-05,b1c3,2.3649666044447155e-05,b1c1,2.880520290798611e-05,b1c7,,b1c11,,b1c15,,b1c17,,b1c19,,b1c21,,b1c24,6.846732563442655e-05
b3c7,slope_last_900_cycles,-0.00017894771364,b1c1,1.159237490759956e-05,b1c3,2.949052386813693e-05,b1c5,3.928893142276339e-05,b1c7,,b1c11,,b1c15,,b1c17,,b1c19,,b1c21,,b1c24,3.9561059739854607e-05
b3c7,mean_grad_first_900_cycles,-2.5302767753601077e-05,b1c5,6.6446595721774665e-06,b1c3,3.9544436666700574e-05,b1c1,4.200028048621283e-05,b1c7,,b1c11,,b1c15,,b1c17,,b1c19,,b1c21,,b1c24,5.573504500918919e-05
b3c7,mean_grad_last_900_cycles,-0.0001789929469426,b1c1,1.162502500745986e-05,b1c3,2.9484762085808638e-05,b1c5,3.926018873850502e-05,b1c7,,b1c11,,b1c15,,b1c17,,b1c19,,b1c21,,b1c24,3.950635592142739e-05
b3c7,slope_first_1000_cycles,-2.7864694595336915e-05,b1c3,1.2517213821411134e-05,b1c1,2.52985954284668e-05,b1c5,6.893235445022583e-05,b1c7,,b1c11,,b1c15,,b1c17,,b1c19,,b1c21,,b1c24,0.0001271113753318
b3c7,slope_last_1000_cycles,-0.000165547966957,b1c1,6.311714649200441e-06,b1c3,2.8802275657653797e-05,b1c5,3.4483492374420155e-05,b1c7,,b1c11,,b1c15,,b1c17,,b1c19,,b1c21,,b1c24,3.2199978828430155e-05
b3c7,mean_grad_first_1000_cycles,-2.734464406967163e-05,b1c3,2.582418918609619e-05,b1c1,3.7140846252441407e-05,b1c5,5.688577890396118e-05,b1c7,,b1c11,,b1c15,,b1c17,,b1c19,,b1c21,,b1c24,0.0001160599291324
b3c7,mean_grad_last_1000_cycles,-0.0001655427813529,b1c1,6.550371646881127e-06,b1c3,2.889984846115112e-05,b1c5,3.450119495391845e-05,b1c7,,b1c11,,b1c15,,b1c17,,b1c19,,b1c21,,b1c24,3.216236829757689e-05
b3c7,cycle,1837.0,b1c0,14.0,b1c4,127.0,b1c1,324.0,b1c2,400.0,b1c3,402.0,b1c5,763.0,b1c9,784.0,b1c41,785.0,b1c24,819.0,b1c23,822.0
b3c10,slope_first_10_cycles,0.0003431916236877,b2c19,2.491474151611328e-05,b2c3,0.0001287341117858,b2c0,0.000186812877655,b2c18,0.000252079963684,b2c4,0.0002616167068481,b2c29,0.0002866864204406,b2c12,0.000293219089508,b2c23,0.0003129124641418,b2c13,0.0003564596176147,b2c2,0.0003572583198547
b3c10,slope_last_10_cycles,-0.000437581539154,b1c0,1.91092491149902e-05,b1c2,7.9643726348877e-05,b1c41,0.0001569330692291,b1c4,0.000165718793869,b1c3,0.0001704394817352,b1c28,0.0001845180988311,b1c24,0.0001976490020751,b1c14,0.0001986622810363,b1c29,0.0001997053623199,b1c1,0.0002038955688476
b3c10,mean_grad_first_10_cycles,0.0003955483436584,b2c19,0.0001055300235748,b2c3,0.0002262890338897,b2c0,0.0002416014671325,b2c1,0.0002726852893829,b2c18,0.0003591239452362,b2c29,0.0003796994686126,b2c4,0.0003945410251617,b2c12,0.0004222750663757,b2c23,0.0004225492477416,b2c2,0.0004546701908111
b3c10,mean_grad_last_10_cycles,-0.0004717111587524,b1c0,4.161000251770022e-05,b1c2,9.881556034088136e-05,b1c41,0.0001372694969177,b1c4,0.000175267457962,b1c28,0.0001767545938491,b1c24,0.0001889258623123,b1c3,0.0001899272203445,b1c29,0.0002029597759246,b1c14,0.0002118647098541,b1c1,0.0002328485250473
b3c10,slope_first_50_cycles,8.104801177978516e-05,b2c13,2.520084381103514e-06,b2c18,8.907318115234378e-06,b2c4,8.924007415771486e-06,b2c23,1.564979553222656e-05,b2c12,3.097057342529297e-05,b2c6,5.995035171508789e-05,b2c11,6.194829940795898e-05,b2c25,6.513357162475586e-05,b2c10,6.569385528564454e-05,b2c2,8.44120979309082e-05
b3c10,slope_last_50_cycles,-0.00069953083992,b1c41,7.530570030212403e-05,b1c28,8.273720741271975e-05,b1c29,9.517073631286616e-05,b1c14,0.0001116287708282,b1c24,0.0001252162456512,b1c17,0.0001635491847991,b1c40,0.000172494649887,b1c25,0.0001739394664764,b1c11,0.0001779794692993,b1c19,0.000187565088272
b3c10,mean_grad_first_50_cycles,9.276390075683592e-05,b2c12,7.215738296508786e-06,b2c4,1.44493579864502e-05,b2c13,2.7207136154174807e-05,b2c18,2.7840137481689462e-05,b2c23,3.541707992553711e-05,b2c6,3.719687461853027e-05,b2c3,7.723331451416016e-05,b2c25,8.525967597961425e-05,b2c11,8.748412132263184e-05,b2c10,9.277820587158204e-05
b3c10,mean_grad_last_50_cycles,-0.0007081651687622,b1c41,7.724881172180168e-05,b1c28,8.254349231719962e-05,b1c29,9.030640125274648e-05,b1c14,0.0001102328300476,b1c24,0.0001210361719131,b1c17,0.0001612132787704,b1c25,0.0001696199178695,b1c11,0.0001765549182891,b1c40,0.0001865267753601,b1c19,0.0001967060565948
b3c10,slope_first_100_cycles,1.5159845352172852e-05,b2c10,4.291534423828123e-06,b2c11,9.592771530151364e-06,b2c23,1.487135887145996e-05,b2c25,2.0648241043090814e-05,b2c26,2.4098157882690427e-05,b2c21,3.2370090484619136e-05,b2c2,3.623366355895996e-05,b2c18,3.724336624145508e-05,b2c40,4.7711133956909175e-05,b2c5,5.029082298278808e-05
b3c10,slope_last_100_cycles,-0.0007300412654876,b1c41,4.590153694152845e-06,b1c24,7.0118904113769184e-06,b1c28,3.0417442321777326e-05,b1c29,4.071891307830808e-05,b1c20,4.4366717338562033e-05,b1c25,4.744827747344977e-05,b1c14,4.902780055999762e-05,b1c40,5.022466182708746e-05,b1c23,6.237030029296873e-05,b1c11,0.000101334452629
b3c10,mean_grad_first_100_cycles,1.3030171394348144e-05,b2c23,4.26948070526123e-06,b2c18,2.0844340324401858e-05,b2c10,2.6434659957885746e-05,b2c11,2.844512462615967e-05,b2c4,3.743350505828857e-05,b2c13,3.783047199249268e-05,b2c25,3.868401050567627e-05,b2c26,4.315614700317383e-05,b2c2,5.096733570098877e-05,b2c21,5.816757678985596e-05
b3c10,mean_grad_last_100_cycles,-0.000733850300312,b1c41,4.518926143646271e-06,b1c24,1.0030567646026604e-05,b1c28,3.014475107192987e-05,b1c29,3.985553979873652e-05,b1c20,4.325807094573975e-05,b1c25,4.614293575286863e-05,b1c14,4.959791898727416e-05,b1c40,5.588322877883914e-05,b1c23,6.215006113052368e-05,b1c11,0.0001011934876441
b3c10,slope_first_200_cycles,-4.744529724121094e-07,b2c42,2.86102294921875e-06,b2c41,2.950429916381836e-06,b2c43,4.262924194335937e-06,b2c38,5.206465721130371e-06,b2c28,6.66201114654541e-06,b2c31,8.379220962524415e-06,b1c18,8.984804153442383e-06,b2c24,9.292960166931152e-06,b2c32,1.192927360534668e-05,b2c30,1.3973116874694825e-05
b3c10,slope_last_200_cycles,-0.0006406581401824,b1c41,2.728998661041251e-06,b1c40,7.129907608032274e-06,b1c9,1.587212085723882e-05,b1c24,2.0588040351867667e-05,b1c23,2.4239718914032047e-05,b1c18,3.384739160537729e-05,b1c5,3.5595595836639495e-05,b1c29,3.5686790943145774e-05,b1c25,4.0473043918609706e-05,b1c11,4.388749599456795e-05
b3c10,mean_grad_first_200_cycles,1.9404292106628418e-06,b2c41,2.6869773864746097e-06,b2c24,2.8699636459350585e-06,b2c42,3.231167793273926e-06,b2c30,6.950199604034423e-06,b2c20,7.524490356445313e-06,b2c45,8.271634578704834e-06,b2c14,9.90450382232666e-06,b2c5,1.07535719871521e-05,b2c28,1.2062489986419678e-05,b2c38,1.2199282646179198e-05
b3c10,mean_grad_last_200_cycles,-0.0006413722038269,b1c41,2.6789307594299143e-06,b1c40,1.1739730834960884e-05,b1c9,1.7283856868743918e-05,b1c24,2.027750015258793e-05,b1c23,2.5162994861602727e-05,b1c18,3.3182203769683834e-05,b1c5,3.6179125308990405e-05,b1c29,3.730386495590208e-05,b1c25,4.071265459060669e-05,b1c11,4.352748394012443e-05
b3c10,slope_first_300_cycles,-1.2948910395304362e-05,b2c33,7.71482785542806e-06,b2c34,1.065651575724284e-05,b2c32,1.1735359827677408e-05,b2c36,1.3411442438761391e-05,b2c29,1.5571912129720052e-05,b2c37,1.5702247619628906e-05,b1c11,1.822511355082194e-05,b1c18,2.047578493754069e-05,b1c21,2.57571538289388e-05,b2c39,2.666155497233073e-05
b3c10,slope_last_300_cycles,-0.0004850157101949,b1c20,2.771019935607897e-06,b1c18,1.0738571484883658e-05,b1c24,2.2282203038533565e-05,b1c41,2.644717693328863e-05,b1c5,2.665023008982341e-05,b1c11,3.97710005442301e-05,b1c23,4.208266735076908e-05,b1c40,4.685004552205409e-05,b1c9,4.974444707234703e-05,b1c29,5.6278904279073055e-05
b3c10,mean_grad_first_300_cycles,-1.1655290921529132e-05,b2c33,3.5806496938069677e-06,b1c18,4.7604242960611975e-06,b2c34,5.422631899515787e-06,b2c36,7.779995600382487e-06,b2c32,8.427898089090984e-06,b2c37,1.1359453201293946e-05,b2c29,1.2754400571187336e-05,b2c39,2.148985862731934e-05,b1c11,2.3194154103597005e-05,b2c28,2.5983055432637537e-05
b3c10,mean_grad_last_300_cycles,-0.0004851577679316,b1c20,2.4433930714924863e-06,b1c18,9.663502375284853e-06,b1c24,2.220531304677326e-05,b1c41,2.620478471120199e-05,b1c5,2.6963154474894213e-05,b1c11,4.062930742899581e-05,b1c23,4.1854778925577815e-05,b1c40,4.962881406148274e-05,b1c9,5.137483278910317e-05,b1c29,5.579531192779542e-05
b3c10,slope_first_400_cycles,-2.0266473293304443e-05,b1c11,9.553134441375733e-06,b1c43,1.0957419872283934e-05,b1c6,1.7904043197631836e-05,b1c38,1.8647313117980955e-05,b1c44,2.4358630180358884e-05,b1c15,2.508252859115601e-05,b1c45,2.56696343421936e-05,b1c37,2.6104748249053957e-05,b1c18,3.15403938293457e-05,b1c35,3.984630107879639e-05
b3c10,slope_last_400_cycles,-0.0003882008790969,b1c3,1.3760030269622833e-05,b1c5,2.274021506309509e-05,b1c11,2.712726593017577e-05,b1c24,2.8491914272308315e-05,b1c15,4.761844873428343e-05,b1c40,5.525439977645871e-05,b1c17,5.76364994049072e-05,b1c28,5.832329392433164e-05,b1c32,6.93234801292419e-05,b1c19,7.36933946609497e-05
b3c10,mean_grad_first_400_cycles,-1.9266754388809205e-05,b1c11,1.255139708518982e-05,b1c44,2.299919724464417e-05,b1c15,3.787994384765625e-05,b1c38,4.590660333633423e-05,b1c19,5.532905459403991e-05,b2c33,6.968766450881958e-05,b1c21,7.578223943710327e-05,b1c40,7.633551955223083e-05,b1c32,7.681116461753845e-05,b1c0,7.738113403320313e-05
b3c10,mean_grad_last_400_cycles,-0.0003881929814815,b1c3,1.3264119625091544e-05,b1c5,2.309918403625488e-05,b1c11,2.795085310935974e-05,b1c24,2.848118543624878e-05,b1c15,4.7782510519027725e-05,b1c40,5.739331245422367e-05,b1c17,5.748555064201356e-05,b1c28,5.79892098903656e-05,b1c32,6.809130311012272e-05,b1c19,7.641382515430453e-05
b3c10,slope_first_500_cycles,-2.635812759399414e-05,b1c11,1.882314682006835e-06,b1c42,4.305601119995117e-06,b1c15,5.340814590454101e-06,b1c36,1.0338783264160156e-05,b1c32,1.5462636947631837e-05,b1c30,2.2395849227905277e-05,b1c34,2.415060997009277e-05,b1c19,3.096985816955566e-05,b1c28,3.2819509506225586e-05,b1c24,4.026436805725098e-05
b3c10,slope_last_500_cycles,-0.0003251793384552,b1c3,2.9015541076659788e-06,b1c11,1.7071247100830045e-05,b1c5,2.2837519645690896e-05,b1c24,2.5536537170410144e-05,b1c15,3.5971879959106434e-05,b1c17,4.470181465148924e-05,b1c28,4.796254634857177e-05,b1c40,5.0724506378173806e-05,b1c34,5.667257308959961e-05,b1c32,5.937504768371583e-05
b3c10,mean_grad_first_500_cycles,-2.559387683868408e-05,b1c11,1.085400581359862e-06,b1c15,1.5659213066101075e-05,b1c38,2.02336311340332e-05,b1c19,2.994358539581299e-05,b1c42,3.488469123840332e-05,b1c36,3.6807179450988766e-05,b1c32,4.2206287384033206e-05,b1c34,4.785680770874024e-05,b1c30,5.057823657989502e-05,b1c40,5.660414695739746e-05
b3c10,mean_grad_last_500_cycles,-0.0003252670764923,b1c3,3.083944320678698e-06,b1c11,1.704585552215576e-05,b1c5,2.28177309036255e-05,b1c24,2.5725960731506328e-05,b1c15,3.589558601379395e-05,b1c17,4.471504688262942e-05,b1c28,4.799091815948484e-05,b1c40,5.199074745178224e-05,b1c34,5.666208267211912e-05,b1c32,5.929636955261233e-05
b3c10,slope_first_600_cycles,-3.349026044209798e-05,b1c19,9.62098439534505e-06,b1c25,9.91682211558024e-06,b1c34,1.1938214302062986e-05,b1c28,1.607358455657959e-05,b1c17,2.209166685740153e-05,b1c11,2.5470654169718427e-05,b1c24,3.224333127339681e-05,b1c26,3.267347812652588e-05,b1c5,3.660082817077637e-05,b1c7,3.685990969340006e-05
b3c10,slope_last_600_cycles,-0.0002804160118103,b1c3,5.891124407450326e-06,b1c11,1.3150572776794386e-05,b1c24,2.4384260177612272e-05,b1c5,2.468138933181763e-05,b1c15,2.641995747884113e-05,b1c17,3.318647543589274e-05,b1c28,4.035403331120805e-05,b1c40,4.456798235575357e-05,b1c38,4.5126378536224326e-05,b1c34,4.57694133122762e-05
b3c10,mean_grad_first_600_cycles,-3.3756097157796226e-05,b1c19,1.0065833727518716e-05,b1c34,1.04216734568278e-05,b1c33,1.466840505599975e-05,b1c30,2.0482738812764485e-05,b1c32,2.1211206912994385e-05,b1c11,2.2490918636322017e-05,b1c26,3.371655941009522e-05,b1c7,3.782222668329875e-05,b1c40,3.805637359619141e-05,b1c28,3.993213176727295e-05
b3c10,mean_grad_last_600_cycles,-0.0002804347872734,b1c3,5.955994129180919e-06,b1c11,1.3195971647898342e-05,b1c24,2.440005540847777e-05,b1c5,2.470533053080241e-05,b1c15,2.644995848337812e-05,b1c17,3.316720326741534e-05,b1c28,4.0569404760996486e-05,b1c38,4.513144493103029e-05,b1c34,4.577010869979861e-05,b1c40,4.608670870463055e-05
b3c10,slope_first_700_cycles,-3.79838262285505e-05,b1c29,3.286770411900123e-07,b1c7,8.54287828717913e-06,b1c40,1.1215891156877787e-05,b1c26,1.4427048819405694e-05,b1c17,1.5577929360525952e-05,b1c24,1.810533659798758e-05,b1c5,2.7335541588919502e-05,b1c28,3.4170491354806085e-05,b1c3,5.244834082467215e-05,b1c1,5.3972346442086354e-05
b3c10,slope_last_700_cycles,-0.0002472104345049,b1c3,9.041684014456618e-06,b1c11,9.291853223528156e-06,b1c4,1.5177556446620424e-05,b1c15,1.601576805114745e-05,b1c24,2.173117228916713e-05,b1c5,2.2421308926173604e-05,b1c17,2.725005149841305e-05,b1c28,3.401373113904677e-05,b1c40,3.598434584481375e-05,b1c36,3.631302288600375e-05
b3c10,mean_grad_first_700_cycles,-3.736555576324463e-05,b1c17,7.442065647670189e-07,b1c14,1.8073831285749184e-06,b1c7,8.487871715000695e-06,b1c40,1.037895679473877e-05,b1c28,1.5509724617004397e-05,b1c26,1.886427402496338e-05,b1c24,3.4389070102146695e-05,b1c5,4.539251327514648e-05,b1c1,7.145055702754429e-05,b1c3,7.306405476161412e-05
b3c10,mean_grad_last_700_cycles,-0.0002472308703831,b1c3,9.157487324305943e-06,b1c11,9.308372225080212e-06,b1c15,1.588710716792516e-05,b1c24,2.1954008511134587e-05,b1c5,2.23628112248012e-05,b1c17,2.72667407989502e-05,b1c28,3.398861203874861e-05,b1c36,3.617193017687117e-05,b1c34,3.635466098785402e-05,b1c40,3.711010728563581e-05
b3c10,slope_first_800_cycles,-4.686519503593445e-05,b1c23,8.973330259323121e-06,b1c5,2.191498875617981e-05,b1c3,5.3116828203201296e-05,b1c1,5.53332269191742e-05,b1c7,8.08004289865494e-05,b1c11,,b1c15,,b1c17,9.791269898414612e-05,b1c19,,b1c21,
b3c10,slope_last_800_cycles,-0.0002214615046977,b1c3,7.286667823791504e-06,b1c4,9.230971336364768e-06,b1c5,1.921720802783964e-05,b1c24,2.021431922912597e-05,b1c17,2.171725034713745e-05,b1c28,2.8882846236228944e-05,b1c1,3.732927143573761e-05,b1c26,4.019014537334442e-05,b1c7,4.903025925159454e-05,b1c11,
b3c10,mean_grad_first_800_cycles,-4.630602896213532e-05,b1c9,2.308294177055359e-05,b1c5,3.759980201721192e-05,b1c1,7.058963179588319e-05,b1c3,7.107160985469818e-05,b1c7,8.20537656545639e-05,b1c11,,b1c15,,b1c17,8.541561663150788e-05,b1c19,,b1c21,
b3c10,mean_grad_last_800_cycles,-0.0002215457707643,b1c3,7.253736257553114e-06,b1c5,1.9193515181541447e-05,b1c24,2.02091783285141e-05,b1c17,2.1668523550033564e-05,b1c28,2.8789192438125614e-05,b1c1,3.744736313819884e-05,b1c26,4.070594906806948e-05,b1c7,4.980467259883882e-05,b1c11,,b1c15,
b3c10,slope_first_900_cycles,-6.438255310058594e-05,b1c5,1.7910268571641715e-05,b1c3,6.2127775616116e-05,b1c1,6.728331247965496e-05,b1c7,,b1c11,,b1c15,,b1c17,,b1c19,,b1c21,,b1c24,2.9989216062757706e-05
b3c10,slope_last_900_cycles,-0.0002008480495876,b1c3,7.5901879204644e-06,b1c5,1.7388595475090857e-05,b1c1,3.349271085527209e-05,b1c7,,b1c11,,b1c15,,b1c17,,b1c19,,b1c21,,b1c24,1.7660723792182077e-05
b3c10,mean_grad_first_900_cycles,-6.403558784061008e-05,b1c5,3.2088160514831544e-05,b1c3,7.827725675370958e-05,b1c1,8.073310057322184e-05,b1c7,,b1c11,,b1c15,,b1c17,,b1c19,,b1c21,,b1c24,1.7002224922180176e-05
b3c10,mean_grad_last_900_cycles,-0.0002008257309595,b1c3,7.651978068881567e-06,b1c5,1.7427404721577955e-05,b1c1,3.345780902438693e-05,b1c7,,b1c11,,b1c15,,b1c17,,b1c19,,b1c21,,b1c24,1.7673571904500325e-05
b3c10,slope_first_1000_cycles,-0.0001226091384887,b1c5,2.581208944320679e-05,b1c3,0.0001072616577148,b1c1,0.0001200430393218,b1c7,,b1c11,,b1c15,,b1c17,,b1c19,,b1c21,,b1c24,3.236693143844605e-05
b3c10,slope_last_1000_cycles,-0.0001835176944732,b1c4,5.07056713104249e-06,b1c3,1.083254814147948e-05,b1c5,1.651376485824584e-05,b1c1,2.428144216537476e-05,b1c7,,b1c11,,b1c15,,b1c17,,b1c19,,b1c21,
b3c10,mean_grad_first_1000_cycles,-0.0001225696206092,b1c5,3.833919763565063e-05,b1c3,0.0001210491657257,b1c1,0.000132365822792,b1c7,,b1c11,,b1c15,,b1c17,,b1c19,,b1c21,,b1c24,2.0834952592849746e-05
b3c10,mean_grad_last_1000_cycles,-0.0001835175752639,b1c4,5.142450332641619e-06,b1c3,1.0925054550170892e-05,b1c5,1.6526401042938222e-05,b1c1,2.4525165557861352e-05,b1c7,,b1c11,,b1c15,,b1c17,,b1c19,,b1c21,
b3c10,cycle,1079.0,b1c5,5.0,b1c9,26.0,b1c41,27.0,b1c24,61.0,b1c23,64.0,b1c40,114.0,b1c29,161.0,b1c14,198.0,b1c31,204.0,b1c7,210.0
b3c16,slope_first_10_cycles,0.0003047585487365,b2c19,6.334781646728517e-05,b2c3,0.000167167186737,b2c0,0.0002252459526062,b2c18,0.0002905130386352,b2c4,0.0003000497817993,b2c1,0.0003196477890014,b2c29,0.0003251194953918,b2c12,0.0003316521644592,b2c23,0.000351345539093,b2c13,0.0003948926925659
b3c16,slope_last_10_cycles,-0.0003006875514984,b1c4,2.8824806213378877e-05,b1c3,3.3545494079589855e-05,b1c1,6.70015811920166e-05,b1c0,0.0001177847385406,b1c2,0.0002165377140045,b1c41,0.0002938270568847,b1c28,0.0003214120864868,b1c24,0.0003345429897308,b1c14,0.000335556268692,b1c29,0.0003365993499755
b3c16,mean_grad_first_10_cycles,0.0003340780735015,b2c19,0.0001670002937316,b2c1,0.000211215019226,b2c3,0.0002877593040466,b2c0,0.0003030717372894,b2c18,0.000420594215393,b2c29,0.0004411697387695,b2c4,0.0004560112953186,b2c12,0.0004837453365325,b2c23,0.0004840195178985,b2c2,0.000516140460968
b3c16,mean_grad_last_10_cycles,-0.0003233611583709,b1c4,2.6917457580566428e-05,b1c3,4.157721996307374e-05,b1c1,8.449852466583255e-05,b1c0,0.0001899600028991,b1c2,0.0002471655607223,b1c41,0.0002856194972991,b1c28,0.0003251045942306,b1c24,0.0003372758626937,b1c29,0.0003513097763061,b1c14,0.0003602147102355
b3c16,slope_first_50_cycles,6.809711456298828e-05,b2c4,4.026889801025387e-06,b2c13,1.043081283569336e-05,b2c12,1.8019676208496097e-05,b2c18,2.185821533203125e-05,b2c23,2.8600692749023436e-05,b2c6,4.6999454498291015e-05,b2c11,7.489919662475585e-05,b2c25,7.808446884155273e-05,b2c10,7.864475250244141e-05,b2c3,8.301019668579102e-05
b3c16,slope_last_50_cycles,-0.0004349339008331,b1c3,1.2016296386718663e-06,b1c2,2.598762512207053e-06,b1c4,3.315806388854976e-05,b1c1,7.058501243591305e-05,b1c0,8.897423744201659e-05,b1c41,0.000339902639389,b1c28,0.0003473341464996,b1c29,0.0003597676753997,b1c14,0.0003762257099151,b1c24,0.0003898131847381
b3c16,mean_grad_first_50_cycles,7.211685180664063e-05,b2c12,1.343131065368652e-05,b2c6,1.6549825668334966e-05,b2c4,3.5096406936645504e-05,b2c13,4.785418510437011e-05,b2c18,4.848718643188477e-05,b2c23,5.6064128875732416e-05,b2c3,5.658626556396485e-05,b2c19,9.425044059753418e-05,b2c25,0.0001059067249298,b2c11,0.0001081311702728
b3c16,mean_grad_last_50_cycles,-0.0004391026496887,b1c3,1.465678215026864e-06,b1c2,1.9854307174682318e-06,b1c4,3.155171871185305e-05,b1c1,7.504045963287355e-05,b1c0,8.457660675048828e-05,b1c41,0.0003463113307952,b1c28,0.0003516060113906,b1c29,0.0003593689203262,b1c14,0.000379295349121,b1c24,0.0003900986909866
b3c16,slope_first_100_cycles,2.005577087402344e-05,b2c10,6.043910980224635e-07,b2c11,4.6968460083007785e-06,b2c25,1.5752315521240233e-05,b2c26,1.920223236083984e-05,b2c23,1.976728439331055e-05,b2c21,2.747416496276855e-05,b2c2,3.1337738037109374e-05,b2c18,4.213929176330567e-05,b2c40,4.281520843505859e-05,b2c5,4.5394897460937495e-05
b3c16,slope_last_100_cycles,-0.0004236710071563,b1c3,6.574392318725434e-07,b1c2,1.4100074768066376e-05,b1c4,2.4188160896301293e-05,b1c1,6.1066746711731e-05,b1c0,8.873999118804934e-05,b1c24,0.0002993583679199,b1c41,0.0003109604120254,b1c28,0.000336787700653,b1c29,0.0003470891714096,b1c20,0.0003507369756698
b3c16,mean_grad_first_100_cycles,2.246379852294922e-05,b2c23,5.164146423339843e-06,b2c10,1.700103282928467e-05,b2c11,1.90114974975586e-05,b2c25,2.92503833770752e-05,b2c18,3.027796745300293e-05,b2c26,3.372251987457275e-05,b2c2,4.15337085723877e-05,b2c4,4.6867132186889646e-05,b2c13,4.726409912109375e-05,b2c21,4.873394966125488e-05
b3c16,mean_grad_last_100_cycles,-0.0004255536198616,b1c3,2.243816852569606e-06,b1c2,1.021146774291996e-05,b1c4,2.2927820682525636e-05,b1c0,4.4419765472412096e-05,b1c1,6.06173276901245e-05,b1c24,0.0002982661128044,b1c41,0.000312815606594,b1c28,0.0003384414315223,b1c29,0.0003481522202491,b1c20,0.0003515547513961
b3c16,slope_first_200_cycles,-3.99172306060791e-06,b2c41,5.668401718139647e-07,b2c42,6.562471389770507e-07,b2c24,5.775690078735352e-06,b2c43,7.780194282531738e-06,b2c38,8.723735809326173e-06,b2c28,1.0179281234741213e-05,b2c30,1.0455846786499024e-05,b2c31,1.1896491050720217e-05,b1c18,1.2502074241638184e-05,b2c20,1.275479793548584e-05
b3c16,slope_last_200_cycles,-0.0003976413607597,b1c4,1.669883728027343e-05,b1c3,3.501713275909428e-05,b1c2,5.8557391166686975e-05,b1c1,8.124083280563354e-05,b1c0,0.0001039913296699,b1c20,0.0001790723204612,b1c24,0.0002224287390708,b1c41,0.0002402877807617,b1c40,0.0002501466870307,b1c9,0.0002588889002799
b3c16,mean_grad_first_200_cycles,-3.1110644340515137e-06,b2c30,1.898705959320068e-06,b2c24,2.181529998779297e-06,b2c20,2.472996711730957e-06,b2c45,3.2201409339904784e-06,b2c14,4.853010177612306e-06,b2c5,5.702078342437745e-06,b2c41,7.738471031188966e-06,b2c42,8.282661437988282e-06,b2c22,8.997321128845216e-06,b1c20,9.9867582321167e-06
b3c16,mean_grad_last_200_cycles,-0.0003985220193862,b1c4,1.631736755371095e-05,b1c3,3.7647634744644135e-05,b1c2,5.891308188438416e-05,b1c1,8.163645863533018e-05,b1c0,9.987875819206238e-05,b1c20,0.0001812958717346,b1c24,0.000222572684288,b1c41,0.0002401712536811,b1c40,0.0002545899152755,b1c9,0.0002601340413093
b3c16,slope_first_300_cycles,-1.4908313751220703e-05,b2c33,5.755424499511719e-06,b2c34,8.697112401326499e-06,b2c32,9.775956471761069e-06,b2c36,1.1452039082845052e-05,b2c29,1.361250877380371e-05,b2c37,1.3742844263712563e-05,b1c18,1.8516381581624347e-05,b1c11,2.018451690673828e-05,b1c21,2.379775047302246e-05,b2c39,2.4702151616414385e-05
b3c16,slope_last_300_cycles,-0.0003760610024134,b1c4,1.4579494794209806e-05,b1c3,4.941999912261958e-05,b1c2,8.451640605926518e-05,b1c1,8.843183517456057e-05,b1c20,0.0001061836878458,b1c0,0.0001149044434229,b1c18,0.0001196932792663,b1c24,0.00013123691082,b1c41,0.0001354018847147,b1c5,0.0001356049378712
b3c16,mean_grad_first_300_cycles,-1.4085968335469563e-05,b2c33,1.1499722798665375e-06,b2c34,2.9919544855753576e-06,b2c36,5.3493181864420575e-06,b2c32,5.997220675150554e-06,b1c18,7.191101710001627e-06,b2c37,8.928775787353516e-06,b2c29,1.0323723157246908e-05,b2c39,1.905918121337891e-05,b2c28,2.3552378018697105e-05,b2c44,2.442061901092529e-05
b3c16,mean_grad_last_300_cycles,-0.0003763612111409,b1c4,1.4326274394988988e-05,b1c3,4.885911941528322e-05,b1c2,8.313318093617754e-05,b1c1,8.91086459159851e-05,b1c20,0.0001063531637191,b1c0,0.0001110739509264,b1c18,0.0001184600591659,b1c24,0.0001310018698374,b1c41,0.0001350013415018,b1c5,0.0001357597112655
b3c16,slope_first_400_cycles,-2.057284116744995e-05,b1c11,9.859502315521238e-06,b1c43,1.126378774642944e-05,b1c6,1.8210411071777343e-05,b1c38,1.8953680992126465e-05,b1c44,2.466499805450439e-05,b1c15,2.5388896465301516e-05,b1c45,2.597600221633911e-05,b1c37,2.641111612319946e-05,b1c18,3.1234025955200194e-05,b1c35,4.015266895294189e-05
b3c16,slope_last_400_cycles,-0.000317498743534,b1c4,2.852082252502463e-06,b1c1,5.253240466117858e-05,b1c3,5.694210529327392e-05,b1c5,9.344235062599184e-05,b1c11,9.782940149307251e-05,b1c24,9.919404983520508e-05,b1c15,0.0001183205842971,b1c40,0.0001259565353393,b1c17,0.0001283386349678,b1c28,0.0001290254294872
b3c16,mean_grad_first_400_cycles,-1.9977986812591557e-05,b1c11,1.3262629508972167e-05,b1c44,2.3710429668426515e-05,b1c15,3.85911762714386e-05,b1c38,4.661783576011658e-05,b1c19,5.604028701782227e-05,b2c33,6.897643208503724e-05,b1c21,7.507100701332093e-05,b1c40,7.704675197601319e-05,b1c32,7.75223970413208e-05,b1c0,7.809236645698547e-05
b3c16,mean_grad_last_400_cycles,-0.0003176134824752,b1c4,2.9705464839935086e-06,b1c1,5.17222285270691e-05,b1c3,5.7315379381179794e-05,b1c5,9.367868304252622e-05,b1c11,9.853035211563108e-05,b1c24,9.906068444252012e-05,b1c15,0.0001183620095252,b1c40,0.0001279728114604,b1c17,0.0001280650496482,b1c28,0.0001285687088966
b3c16,slope_first_500_cycles,-2.449202537536621e-05,b1c42,2.4394989013671878e-06,b1c15,3.4747123718261714e-06,b1c11,3.748416900634764e-06,b1c36,8.472681045532228e-06,b1c32,1.3596534729003908e-05,b1c30,2.0529747009277345e-05,b1c34,2.2284507751464845e-05,b1c19,2.9103755950927736e-05,b1c28,3.095340728759766e-05,b1c24,3.839826583862305e-05
b3c16,slope_last_500_cycles,-0.0002714126110076,b1c1,2.723014354705808e-05,b1c3,5.6668281555175774e-05,b1c11,7.083797454833984e-05,b1c5,7.660424709320069e-05,b1c24,7.930326461791994e-05,b1c15,8.973860740661623e-05,b1c17,9.846854209899904e-05,b1c28,0.000101729273796,b1c40,0.0001044912338256,b1c34,0.0001104393005371
b3c16,mean_grad_first_500_cycles,-2.409970760345459e-05,b1c11,4.0876865386962926e-07,b1c15,1.4165043830871584e-05,b1c38,2.172780036926269e-05,b1c19,2.8449416160583497e-05,b1c42,3.339052200317383e-05,b1c36,3.5313010215759274e-05,b1c32,4.0712118148803714e-05,b1c34,4.636263847351074e-05,b1c30,4.908406734466553e-05,b1c40,5.510997772216797e-05
b3c16,mean_grad_last_500_cycles,-0.000271537899971,b1c1,2.7277112007141118e-05,b1c3,5.681312084197999e-05,b1c11,7.077503204345705e-05,b1c5,7.65469074249268e-05,b1c24,7.945513725280762e-05,b1c15,8.962476253509524e-05,b1c17,9.844422340393073e-05,b1c28,0.0001017200946807,b1c40,0.000105719923973,b1c34,0.0001103912591934
b3c16,slope_first_600_cycles,-2.735714117685954e-05,b1c25,3.783702850341798e-06,b1c28,9.940465291341148e-06,b1c19,1.5754103660583493e-05,b1c17,1.5958547592163086e-05,b1c34,1.807133356730143e-05,b1c24,2.611021200815837e-05,b1c26,2.654035886128744e-05,b1c5,3.0467708905537924e-05,b1c7,3.072679042816162e-05,b1c11,3.160377343495687e-05
b3c16,slope_last_600_cycles,-0.0002368712425231,b1c1,1.0773440202077237e-05,b1c2,1.5004277229309085e-05,b1c3,4.9435893694559725e-05,b1c11,5.6695342063903785e-05,b1c24,6.792902946472167e-05,b1c5,6.822615861892703e-05,b1c15,6.996472676595053e-05,b1c17,7.673124472300214e-05,b1c28,8.389880259831745e-05,b1c40,8.811275164286297e-05
b3c16,mean_grad_first_600_cycles,-2.709120512008667e-05,b1c34,3.756781419118244e-06,b1c19,1.6730725765228274e-05,b1c33,2.1333297093709308e-05,b1c26,2.705166737238566e-05,b1c30,2.714763085047404e-05,b1c32,2.7876098950703942e-05,b1c11,2.915581067403157e-05,b1c7,3.1157334645589194e-05,b1c40,3.139148155848185e-05,b1c28,3.3267239729563395e-05
b3c16,mean_grad_last_600_cycles,-0.0002369334300359,b1c1,1.1037985483805356e-05,b1c3,4.945735136667887e-05,b1c11,5.6697328885396296e-05,b1c24,6.790141264597572e-05,b1c5,6.820668776830036e-05,b1c15,6.995131572087607e-05,b1c17,7.66685605049133e-05,b1c28,8.407076199849444e-05,b1c38,8.863280216852825e-05,b1c34,8.927146593729656e-05
b3c16,slope_first_700_cycles,-2.9929706028529576e-05,b1c31,1.7397744315011165e-06,b1c40,3.161770956856863e-06,b1c24,1.0051216397966657e-05,b1c7,1.6596998487200055e-05,b1c5,1.9281421388898575e-05,b1c26,2.248116901942662e-05,b1c17,2.363204956054688e-05,b1c28,4.222461155482701e-05,b1c3,4.439422062465123e-05,b1c1,4.591822624206543e-05
b3c16,slope_last_700_cycles,-0.0002115586825779,b1c1,7.898041180201933e-06,b1c3,4.469343594142372e-05,b1c11,4.494360515049526e-05,b1c15,5.1667519978114553e-05,b1c24,5.738292421613424e-05,b1c5,5.807306085314071e-05,b1c17,6.290180342538015e-05,b1c28,6.966548306601387e-05,b1c40,7.163609777178085e-05,b1c36,7.196477481297085e-05
b3c16,mean_grad_first_700_cycles,-2.9674768447875977e-05,b1c40,2.6881694793701185e-06,b1c31,3.112128802708218e-06,b1c17,8.43499388013567e-06,b1c7,1.6178659030369346e-05,b1c28,2.3200511932373047e-05,b1c26,2.655506134033203e-05,b1c24,2.669828278677804e-05,b1c5,3.770172595977783e-05,b1c1,6.375976971217564e-05,b1c3,6.537326744624546e-05
b3c16,mean_grad_last_700_cycles,-0.0002116315705435,b1c1,7.392934390476776e-06,b1c3,4.475678716387067e-05,b1c11,4.490767206464494e-05,b1c15,5.148640700748989e-05,b1c24,5.755330835069931e-05,b1c5,5.796211106436593e-05,b1c17,6.286604063851492e-05,b1c28,6.958791187831333e-05,b1c36,7.17712300164359e-05,b1c34,7.195396082741875e-05
b3c16,slope_first_800_cycles,-3.140479326248169e-05,b1c5,6.454586982727049e-06,b1c23,6.487071514129641e-06,b1c3,3.765642642974853e-05,b1c1,3.987282514572143e-05,b1c7,9.626083076000216e-05,b1c11,,b1c15,,b1c17,0.0001133731007575,b1c19,,b1c21,
b3c16,slope_last_800_cycles,-0.0001917707920074,b1c1,7.638558745384213e-06,b1c3,3.69773805141449e-05,b1c5,4.890792071819304e-05,b1c7,7.872097194194794e-05,b1c11,,b1c15,,b1c17,5.140796303749085e-05,b1c19,,b1c21,,b1c24,4.9905031919479366e-05
b3c16,mean_grad_first_800_cycles,-3.117568790912628e-05,b1c9,7.952600717544556e-06,b1c5,2.246946096420288e-05,b1c1,5.545929074287415e-05,b1c3,5.594126880168914e-05,b1c7,9.718410670757294e-05,b1c11,,b1c15,,b1c17,0.0001005459576845,b1c19,,b1c21,
b3c16,mean_grad_last_800_cycles,-0.0001919008046388,b1c1,7.80239701271058e-06,b1c3,3.6898702383041375e-05,b1c5,4.883848130702971e-05,b1c7,7.944963872432708e-05,b1c11,,b1c15,,b1c17,5.131348967552183e-05,b1c19,,b1c21,,b1c24,4.985414445400236e-05
b3c16,slope_first_900_cycles,-3.3805635240342884e-05,b1c5,1.2666649288601344e-05,b1c3,3.155085775587294e-05,b1c1,3.670639461941189e-05,b1c7,,b1c11,,b1c15,,b1c17,,b1c19,,b1c21,,b1c24,6.056613392300077e-05
b3c16,slope_last_900_cycles,-0.0001751854684617,b1c1,7.83012972937691e-06,b1c3,3.325276904635958e-05,b1c5,4.305117660098604e-05,b1c7,,b1c11,,b1c15,,b1c17,,b1c19,,b1c21,,b1c24,4.3323304918077256e-05
b3c16,mean_grad_first_900_cycles,-3.364940484364827e-05,b1c5,1.7019775178697322e-06,b1c9,3.065225150850084e-05,b1c3,4.789107375674777e-05,b1c1,5.034691757626003e-05,b1c7,,b1c11,,b1c15,,b1c17,,b1c19,,b1c21,
b3c16,mean_grad_last_900_cycles,-0.0001751886473761,b1c1,7.820725440979006e-06,b1c3,3.328906165228949e-05,b1c5,4.306448830498588e-05,b1c7,,b1c11,,b1c15,,b1c17,,b1c19,,b1c21,,b1c24,4.3310655487908246e-05
b3c16,slope_first_1000_cycles,-3.5872459411621096e-05,b1c3,2.0524978637695314e-05,b1c1,3.330636024475098e-05,b1c5,6.092458963394164e-05,b1c7,,b1c11,,b1c15,,b1c17,,b1c19,,b1c21,,b1c24,0.0001191036105155
b3c16,slope_last_1000_cycles,-0.0001621935367584,b1c1,2.957284450530993e-06,b1c3,3.215670585632324e-05,b1c5,3.78379225730896e-05,b1c7,,b1c11,,b1c15,,b1c17,,b1c19,,b1c21,,b1c24,3.5554409027099604e-05
b3c16,mean_grad_first_1000_cycles,-3.567427396774292e-05,b1c3,3.415381908416748e-05,b1c1,4.547047615051269e-05,b1c5,4.8556149005889896e-05,b1c7,,b1c11,,b1c15,,b1c17,,b1c19,,b1c21,,b1c24,0.0001077302992343
b3c16,mean_grad_last_1000_cycles,-0.0001621688008308,b1c1,3.176391124725352e-06,b1c3,3.2273828983306893e-05,b1c5,3.787517547607422e-05,b1c7,,b1c11,,b1c15,,b1c17,,b1c19,,b1c21,,b1c24,3.553634881973267e-05
b3c16,cycle,1639.0,b1c4,71.0,b1c3,204.0,b1c0,212.0,b1c1,522.0,b1c5,565.0,b1c9,586.0,b1c41,587.0,b1c2,598.0,b1c24,621.0,b1c23,624.0
b3c45,slope_first_10_cycles,0.0002529025077819,b2c19,0.0001152038574218,b2c3,0.0002190232276916,b2c1,0.0002677917480468,b2c0,0.0002771019935607,b2c18,0.0003423690795898,b2c4,0.0003519058227539,b2c29,0.0003769755363464,b2c12,0.0003835082054138,b2c23,0.0004032015800476,b2c13,0.0004467487335205
b3c45,slope_last_10_cycles,-0.0002495288848876,b1c1,1.5842914581298812e-05,b1c3,1.761317253112793e-05,b1c4,2.233386039733891e-05,b1c0,0.0001689434051513,b1c2,0.0002676963806152,b1c41,0.0003449857234954,b1c28,0.0003725707530975,b1c24,0.0003857016563415,b1c14,0.0003867149353027,b1c29,0.0003877580165863
b3c45,mean_grad_first_10_cycles,0.0002969622611999,b2c1,0.0001740992069244,b2c19,0.0002041161060333,b2c3,0.0003248751163482,b2c0,0.000340187549591,b2c18,0.0004577100276947,b2c29,0.0004782855510711,b2c4,0.0004931271076202,b2c12,0.0005208611488342,b2c23,0.0005211353302001,b2c2,0.0005532562732696
b3c45,mean_grad_last_10_cycles,-0.0002875596284866,b1c3,5.77569007873533e-06,b1c4,8.884072303771983e-06,b1c1,4.869699478149414e-05,b1c0,0.0002257615327835,b1c2,0.0002829670906066,b1c41,0.0003214210271835,b1c28,0.0003609061241149,b1c24,0.0003730773925781,b1c29,0.0003871113061904,b1c14,0.0003960162401199
b3c45,slope_first_50_cycles,6.685972213745117e-05,b2c4,5.264282226562496e-06,b2c13,1.1668205261230468e-05,b2c12,1.6782283782958988e-05,b2c18,2.309560775756836e-05,b2c23,2.983808517456054e-05,b2c6,4.576206207275391e-05,b2c11,7.613658905029296e-05,b2c25,7.932186126708984e-05,b2c10,7.988214492797852e-05,b2c3,8.177280426025391e-05
b3c45,slope_last_50_cycles,-0.000415551662445,b1c4,1.3775825500488276e-05,b1c3,1.818060874938962e-05,b1c2,2.198100090026854e-05,b1c1,5.120277404785156e-05,b1c0,6.95919990539551e-05,b1c41,0.000359284877777,b1c28,0.0003667163848876,b1c29,0.0003791499137878,b1c14,0.0003956079483032,b1c24,0.0004091954231262
b3c45,mean_grad_first_50_cycles,7.524013519287109e-05,b2c12,1.0308027267456058e-05,b2c6,1.9673109054565423e-05,b2c4,3.1973123550415043e-05,b2c13,4.473090171813965e-05,b2c18,4.536390304565431e-05,b2c23,5.294084548950196e-05,b2c3,5.970954895019531e-05,b2c19,9.737372398376464e-05,b2c25,0.0001027834415435,b2c11,0.0001050078868865
b3c45,mean_grad_last_50_cycles,-0.0004230844974517,b1c4,1.5533566474914585e-05,b1c3,1.7483830451965328e-05,b1c2,1.8003582954406695e-05,b1c1,5.902230739593509e-05,b1c0,6.855845451354982e-05,b1c41,0.0003623294830322,b1c28,0.0003676241636276,b1c29,0.0003753870725631,b1c14,0.000395313501358,b1c24,0.0004061168432235
b3c45,slope_first_100_cycles,2.3233890533447263e-05,b2c11,1.5187263488769508e-06,b2c10,3.7825107574462912e-06,b2c25,1.2574195861816403e-05,b2c26,1.6024112701416014e-05,b2c23,2.2945404052734377e-05,b2c21,2.4296045303344723e-05,b2c2,2.8159618377685547e-05,b2c40,3.9637088775634766e-05,b2c5,4.221677780151367e-05,b2c14,4.361629486083984e-05
b3c45,slope_last_100_cycles,-0.0004230421781539,b1c3,1.2862682342529254e-06,b1c2,1.4728903770446758e-05,b1c4,2.355933189392091e-05,b1c1,6.043791770935061e-05,b1c0,8.811116218566896e-05,b1c24,0.0002999871969223,b1c41,0.0003115892410278,b1c28,0.0003374165296554,b1c29,0.0003477180004119,b1c20,0.0003513658046722
b3c45,mean_grad_first_100_cycles,2.794742584228516e-05,b2c23,1.064777374267578e-05,b2c10,1.1517405509948732e-05,b2c11,1.3527870178222658e-05,b2c25,2.376675605773926e-05,b2c26,2.8238892555236812e-05,b2c18,3.576159477233887e-05,b2c2,3.605008125305176e-05,b2c21,4.325032234191895e-05,b2c40,5.181074142456054e-05,b2c4,5.235075950622558e-05
b3c45,mean_grad_last_100_cycles,-0.0004226407408714,b1c3,5.1566958427429394e-06,b1c2,1.3124346733093292e-05,b1c4,2.00149416923523e-05,b1c0,4.150688648223876e-05,b1c1,5.7704448699951165e-05,b1c24,0.0003011789917945,b1c41,0.0003157284855842,b1c28,0.0003413543105125,b1c29,0.0003510650992393,b1c20,0.0003544676303863
b3c45,slope_first_200_cycles,3.325939178466797e-07,b2c43,3.4558773040771487e-06,b2c42,3.668069839477539e-06,b2c41,3.757476806640625e-06,b2c38,4.399418830871582e-06,b2c28,5.854964256286621e-06,b2c31,7.572174072265625e-06,b1c18,8.177757263183593e-06,b2c24,1.0100007057189942e-05,b2c32,1.112222671508789e-05,b2c30,1.4780163764953612e-05
b3c45,slope_last_200_cycles,-0.000397535264492,b1c4,1.659274101257325e-05,b1c3,3.512322902679446e-05,b1c2,5.84512948989868e-05,b1c1,8.113473653793336e-05,b1c0,0.0001038852334022,b1c20,0.0001791784167289,b1c24,0.0002225348353385,b1c41,0.0002403938770294,b1c40,0.0002502527832984,b1c9,0.0002589949965476
b3c45,mean_grad_first_200_cycles,6.037354469299317e-06,b2c42,8.657574653625492e-07,b2c41,1.4099478721618653e-06,b2c24,6.9668889045715335e-06,b2c28,7.965564727783202e-06,b2c38,8.102357387542725e-06,b2c43,8.443892002105714e-06,b2c32,8.653104305267335e-06,b2c30,1.10471248626709e-05,b2c31,1.1284053325653076e-05,b2c20,1.1621415615081788e-05
b3c45,mean_grad_last_200_cycles,-0.0003983823955059,b1c4,1.6177743673324613e-05,b1c3,3.778725862503047e-05,b1c2,5.877345800399782e-05,b1c1,8.149683475494385e-05,b1c0,9.973913431167604e-05,b1c20,0.000181435495615,b1c24,0.0002227123081684,b1c41,0.0002403108775615,b1c40,0.0002547295391559,b1c9,0.0002602736651897
b3c45,slope_first_300_cycles,-1.381397247314453e-05,b2c33,6.849765777587892e-06,b2c34,9.791453679402671e-06,b2c32,1.087029774983724e-05,b2c36,1.2546380360921224e-05,b2c29,1.4706850051879883e-05,b2c37,1.4837185541788738e-05,b1c11,1.9090175628662108e-05,b1c18,1.961072285970052e-05,b1c21,2.4892091751098636e-05,b2c39,2.579649289449056e-05
b3c45,slope_last_300_cycles,-0.0003611054023106,b1c4,3.761053085327387e-07,b1c3,6.437559922536213e-05,b1c2,6.956080595652264e-05,b1c1,7.347623507181802e-05,b1c0,9.99488433202108e-05,b1c20,0.0001211392879486,b1c18,0.000134648879369,b1c24,0.0001461925109227,b1c41,0.0001503574848175,b1c5,0.000150560537974
b3c45,mean_grad_first_300_cycles,-1.4530618985493978e-05,b2c33,7.05321629842123e-07,b2c34,2.547303835550943e-06,b2c36,4.904667536417643e-06,b2c32,5.552570025126139e-06,b1c18,7.635752360026043e-06,b2c37,8.484125137329102e-06,b2c29,9.879072507222492e-06,b2c39,1.8614530563354496e-05,b2c28,2.310772736867269e-05,b2c44,2.397596836090088e-05
b3c45,mean_grad_last_300_cycles,-0.0003616977731386,b1c4,3.371636072794647e-07,b1c3,6.352255741755167e-05,b1c2,6.846974293390909e-05,b1c1,7.444520791371665e-05,b1c0,9.641051292419434e-05,b1c20,0.0001210166017214,b1c18,0.0001331234971682,b1c24,0.0001456653078397,b1c41,0.0001496647795041,b1c5,0.0001504231492678
b3c45,slope_first_400_cycles,-1.4856457710266112e-05,b1c11,4.143118858337402e-06,b1c43,5.547404289245605e-06,b1c6,1.2494027614593506e-05,b1c38,1.3237297534942627e-05,b1c44,1.8948614597320555e-05,b1c15,1.967251300811768e-05,b1c45,2.0259618759155272e-05,b1c37,2.0694732666015624e-05,b1c35,3.443628549575806e-05,b1c18,3.695040941238403e-05
b3c45,slope_last_400_cycles,-0.0003152018785476,b1c4,5.148947238922132e-06,b1c1,5.023553967475891e-05,b1c3,5.923897027969359e-05,b1c5,9.573921561241152e-05,b1c11,0.0001001262664794,b1c24,0.0001014909148216,b1c15,0.0001206174492835,b1c40,0.0001282534003257,b1c17,0.0001306354999542,b1c28,0.0001313222944736
b3c45,mean_grad_first_400_cycles,-1.4095157384872436e-05,b1c11,7.379800081253051e-06,b1c18,1.7572045326232914e-05,b1c44,1.7827600240707396e-05,b1c45,1.9245147705078125e-05,b1c43,2.740323543548584e-05,b1c15,3.270834684371948e-05,b1c39,3.71117889881134e-05,b1c38,4.073500633239746e-05,b1c6,4.448756575584411e-05,b1c19,5.0157457590103146e-05
b3c45,mean_grad_last_400_cycles,-0.0003153340518474,b1c4,5.249977111816402e-06,b1c1,4.9442797899246205e-05,b1c3,5.959481000900269e-05,b1c5,9.595811367034913e-05,b1c11,0.0001008097827434,b1c24,0.0001013401150703,b1c15,0.0001206414401531,b1c40,0.0001302522420883,b1c17,0.0001303444802761,b1c28,0.0001308481395244
b3c45,slope_first_500_cycles,-1.964950561523437e-05,b1c15,1.3678073883056662e-06,b1c42,2.4030208587646503e-06,b1c36,3.6301612854003904e-06,b1c11,8.590936660766602e-06,b1c32,8.75401496887207e-06,b1c30,1.5687227249145507e-05,b1c34,1.7441987991333007e-05,b1c19,2.42612361907959e-05,b1c28,2.611088752746582e-05,b1c24,3.355574607849121e-05
b3c45,slope_last_500_cycles,-0.0002716927528381,b1c1,2.7510285377502404e-05,b1c3,5.638813972473145e-05,b1c11,7.055783271789552e-05,b1c5,7.632410526275637e-05,b1c24,7.902312278747561e-05,b1c15,8.94584655761719e-05,b1c17,9.818840026855473e-05,b1c28,0.0001014491319656,b1c40,0.0001042110919952,b1c34,0.0001101591587066
b3c45,mean_grad_first_500_cycles,-1.884150505065918e-05,b1c11,5.66697120666504e-06,b1c15,8.906841278076173e-06,b1c19,2.319121360778809e-05,b1c38,2.6986002922058105e-05,b1c42,2.8132319450378416e-05,b1c36,3.0054807662963867e-05,b1c32,3.54539155960083e-05,b1c34,4.110443592071533e-05,b1c30,4.382586479187012e-05,b1c40,4.985177516937256e-05
b3c45,mean_grad_last_500_cycles,-0.0002718517780303,b1c1,2.7590990066528356e-05,b1c3,5.649924278259275e-05,b1c11,7.046115398406981e-05,b1c5,7.623302936553955e-05,b1c24,7.914125919342038e-05,b1c15,8.9310884475708e-05,b1c17,9.813034534454349e-05,b1c28,0.0001014062166213,b1c40,0.0001054060459136,b1c34,0.000110077381134
b3c45,slope_first_600_cycles,-2.228101094563802e-05,b1c25,1.2924273808797205e-06,b1c28,4.86433506011963e-06,b1c17,1.0882417360941568e-05,b1c19,2.083023389180501e-05,b1c24,2.1034081776936848e-05,b1c26,2.146422863006592e-05,b1c34,2.3147463798522947e-05,b1c5,2.539157867431641e-05,b1c7,2.5650660196940102e-05,b1c40,2.6916066805521646e-05
b3c45,slope_last_600_cycles,-0.0002383104960123,b1c1,1.221269369125366e-05,b1c2,1.6443530718485507e-05,b1c3,4.79966402053833e-05,b1c11,5.525608857472736e-05,b1c24,6.648977597554525e-05,b1c5,6.67869051297506e-05,b1c15,6.85254732767741e-05,b1c17,7.529199123382571e-05,b1c28,8.245954910914103e-05,b1c40,8.667349815368654e-05
b3c45,mean_grad_first_600_cycles,-2.165367205937704e-05,b1c34,1.6807516415913894e-06,b1c25,1.916289329528809e-05,b1c26,2.1614134311676025e-05,b1c19,2.2168258825937908e-05,b1c7,2.571980158487956e-05,b1c40,2.5953948497772217e-05,b1c28,2.782970666885376e-05,b1c17,2.859105666478475e-05,b1c30,3.258516391118367e-05,b1c32,3.331363201141358e-05
b3c45,mean_grad_last_600_cycles,-0.0002383854985237,b1c1,1.2490053971608498e-05,b1c3,4.800528287887573e-05,b1c11,5.5245260397593154e-05,b1c24,6.644934415817258e-05,b1c5,6.675461928049722e-05,b1c15,6.849924723307293e-05,b1c17,7.521649201711015e-05,b1c28,8.26186935106913e-05,b1c38,8.71807336807251e-05,b1c34,8.781939744949342e-05
b3c45,slope_first_700_cycles,-2.491848809378488e-05,b1c40,1.8494469778878367e-06,b1c24,5.0399984632219566e-06,b1c31,6.7509923662458165e-06,b1c5,1.4270203454153878e-05,b1c7,2.1608216421944755e-05,b1c26,2.749238695417132e-05,b1c17,2.8643267495291576e-05,b1c3,3.938300268990653e-05,b1c1,4.0907008307320726e-05,b1c28,4.7235829489571706e-05
b3c45,slope_last_700_cycles,-0.0002142361232212,b1c1,1.0575481823512484e-05,b1c3,4.201599529811317e-05,b1c11,4.226616450718471e-05,b1c15,4.8990079334804e-05,b1c24,5.470548357282368e-05,b1c5,5.539562020983016e-05,b1c17,6.02243627820696e-05,b1c28,6.698804242270332e-05,b1c40,6.89586571284703e-05,b1c36,6.92873341696603e-05
b3c45,mean_grad_first_700_cycles,-2.429757799421038e-05,b1c40,2.689020974295479e-06,b1c29,6.656731878008161e-06,b1c17,1.3812184333801267e-05,b1c24,2.1321092333112444e-05,b1c7,2.1555849484034943e-05,b1c28,2.8577702386038645e-05,b1c26,3.193225179399763e-05,b1c5,3.232453550611224e-05,b1c1,5.838257925851004e-05,b1c3,5.999607699257987e-05
b3c45,mean_grad_last_700_cycles,-0.0002143795149666,b1c1,1.014087881360737e-05,b1c3,4.200884274074008e-05,b1c11,4.215972764151434e-05,b1c15,4.873846258435929e-05,b1c24,5.480536392756872e-05,b1c5,5.521416664123533e-05,b1c17,6.011809621538433e-05,b1c28,6.683996745518274e-05,b1c36,6.90232855933053e-05,b1c34,6.920601640428815e-05
b3c45,slope_first_800_cycles,-2.69944965839386e-05,b1c5,2.0442903041839574e-06,b1c9,3.945082426071167e-06,b1c3,3.3246129751205446e-05,b1c1,3.546252846717834e-05,b1c7,0.0001006711274385,b1c11,,b1c15,,b1c17,0.0001177833974361,b1c19,,b1c21,
b3c45,slope_last_800_cycles,-0.0001951859891414,b1c1,1.1053755879402138e-05,b1c3,3.3562183380126976e-05,b1c5,4.549272358417511e-05,b1c7,7.530577480793001e-05,b1c11,,b1c15,,b1c17,4.799276590347293e-05,b1c19,,b1c21,,b1c24,4.648983478546144e-05
b3c45,mean_grad_first_800_cycles,-2.6497989892959595e-05,b1c9,3.27490270137787e-06,b1c5,1.7791762948036196e-05,b1c1,5.078159272670746e-05,b1c3,5.126357078552246e-05,b1c7,0.0001018618047237,b1c11,,b1c15,,b1c17,0.0001052236557006,b1c19,,b1c21,
b3c45,mean_grad_last_800_cycles,-0.0001952438056468,b1c1,1.1145398020744324e-05,b1c3,3.355570137500763e-05,b1c5,4.5495480298995966e-05,b1c7,7.610663771629334e-05,b1c11,,b1c15,,b1c17,4.797048866748808e-05,b1c19,,b1c21,,b1c24,4.651114344596862e-05
b3c45,slope_first_900_cycles,-2.9206540849473746e-05,b1c5,1.7265743679470485e-05,b1c3,2.69517633650038e-05,b1c1,3.2107300228542754e-05,b1c7,,b1c11,,b1c15,,b1c17,,b1c19,,b1c21,,b1c24,6.51652283138699e-05
b3c45,slope_last_900_cycles,-0.000179978609085,b1c1,1.2623270352681476e-05,b1c3,2.845962842305501e-05,b1c5,3.825803597768147e-05,b1c7,,b1c11,,b1c15,,b1c17,,b1c19,,b1c21,,b1c24,3.853016429477269e-05
b3c45,mean_grad_first_900_cycles,-2.889348400963677e-05,b1c5,3.0539433161417684e-06,b1c3,4.313515292273628e-05,b1c1,4.559099674224853e-05,b1c7,,b1c11,,b1c15,,b1c17,,b1c19,,b1c21,,b1c24,5.214432875315349e-05
b3c45,mean_grad_last_900_cycles,-0.0001799947023391,b1c1,1.2626780403984908e-05,b1c3,2.8483006689283586e-05,b1c5,3.825843334197997e-05,b1c7,,b1c11,,b1c15,,b1c17,,b1c19,,b1c21,,b1c24,3.850460052490234e-05
b3c45,slope_first_1000_cycles,-3.202509880065918e-05,b1c3,1.66776180267334e-05,b1c1,2.9458999633789063e-05,b1c5,6.477195024490355e-05,b1c7,,b1c11,,b1c15,,b1c17,,b1c19,,b1c21,,b1c24,0.0001229509711265
b3c45,slope_last_1000_cycles,-0.0001665149927139,b1c1,7.278740406036361e-06,b1c4,1.1932134628295905e-05,b1c3,2.7835249900817877e-05,b1c5,3.3516466617584235e-05,b1c7,,b1c11,,b1c15,,b1c17,,b1c19,,b1c21,
b3c45,mean_grad_first_1000_cycles,-3.168165683746338e-05,b1c3,3.0161201953887937e-05,b1c1,4.147785902023316e-05,b1c5,5.254876613616944e-05,b1c7,,b1c11,,b1c15,,b1c17,,b1c19,,b1c21,,b1c24,0.0001117229163646
b3c45,mean_grad_last_1000_cycles,-0.0001665683984756,b1c1,7.575988769531266e-06,b1c4,1.1806726455688468e-05,b1c3,2.787423133850098e-05,b1c5,3.347557783126831e-05,b1c7,,b1c11,,b1c15,,b1c17,,b1c19,,b1c21,
b3c45,cycle,1802.0,b1c0,49.0,b1c4,92.0,b1c1,359.0,b1c3,367.0,b1c2,435.0,b1c5,728.0,b1c9,749.0,b1c41,750.0,b1c24,784.0,b1c23,787.0
